Timestamp,Open,High,Low,Close,Volume,Symbol
2019-08-26 17:00:00+00:00,10324.6,10333.9,10292.7,10300,134.4717654,BTC/USD
2019-08-26 18:00:00+00:00,10300,10305,10261,10290.9,131.7906259,BTC/USD
2019-08-26 19:00:00+00:00,10290.9,10325.1,10290,10310,78.29489035,BTC/USD
2019-08-26 20:00:00+00:00,10311.5,10312.8,10147.5,10262.6,354.9301898,BTC/USD
2019-08-26 21:00:00+00:00,10265.4,10308.1,10189.7,10274.6,570.0393347,BTC/USD
2019-08-26 22:00:00+00:00,10274.6,10345.1,10274.6,10303,176.1307507,BTC/USD
2019-08-26 23:00:00+00:00,10303,10400,10302.9,10364.6,210.1685255,BTC/USD
2019-08-27 00:00:00+00:00,10364.4,10387.9,10312.3,10340.6,131.6523375,BTC/USD
2019-08-27 01:00:00+00:00,10340.6,10354.5,10292.2,10308.1,52.73372349,BTC/USD
2019-08-27 02:00:00+00:00,10308.1,10317.9,10199.9,10228.7,263.6709694,BTC/USD
2019-08-27 03:00:00+00:00,10228.7,10228.7,10091.2,10177.2,494.2852579,BTC/USD
2019-08-27 04:00:00+00:00,10177.2,10178,10143.6,10156,52.88622308,BTC/USD
2019-08-27 05:00:00+00:00,10158.4,10252.2,10154.4,10229.6,113.3048731,BTC/USD
2019-08-27 06:00:00+00:00,10226.4,10226.4,10191.8,10200.1,55.90689143,BTC/USD
2019-08-27 07:00:00+00:00,10200.1,10216.2,10119.2,10170,94.46293055,BTC/USD
2019-08-27 08:00:00+00:00,10170,10211.5,10141.5,10186,84.72542642,BTC/USD
2019-08-27 09:00:00+00:00,10186,10189.5,10115.5,10144,71.03971329,BTC/USD
2019-08-27 10:00:00+00:00,10144,10170.7,10087.5,10142.1,189.6621837,BTC/USD
2019-08-27 11:00:00+00:00,10142.1,10161.3,10072.7,10107,145.9332781,BTC/USD
2019-08-27 12:00:00+00:00,10107.1,10115,10033,10114.9,218.0079296,BTC/USD
2019-08-27 13:00:00+00:00,10114.9,10202,10108.2,10179.1,218.205186,BTC/USD
2019-08-27 14:00:00+00:00,10179.1,10204.4,10140.8,10160,121.1189642,BTC/USD
2019-08-27 15:00:00+00:00,10159.7,10184.8,10093.7,10177.6,137.1206402,BTC/USD
2019-08-27 16:00:00+00:00,10177.6,10235.1,10153.5,10178,158.6904664,BTC/USD
2019-08-27 17:00:00+00:00,10178,10184.2,10150.5,10178.4,67.54886607,BTC/USD
2019-08-27 18:00:00+00:00,10181.2,10212.1,10163.8,10180,92.7901879,BTC/USD
2019-08-27 19:00:00+00:00,10180,10182.4,10115,10155.2,123.5715824,BTC/USD
2019-08-27 20:00:00+00:00,10156.6,10182,10131.1,10144.9,125.1980739,BTC/USD
2019-08-27 21:00:00+00:00,10144.9,10151.8,10101.1,10130.9,105.7007543,BTC/USD
2019-08-27 22:00:00+00:00,10130.9,10151.6,10103.3,10125.1,107.7419146,BTC/USD
2019-08-27 23:00:00+00:00,10125.1,10207.4,10125.1,10177.3,110.3349027,BTC/USD
2019-08-28 00:00:00+00:00,10177.3,10180,10125.3,10139.2,71.78978331,BTC/USD
2019-08-28 01:00:00+00:00,10139.2,10154.5,10086.9,10086.9,68.0352019,BTC/USD
2019-08-28 02:00:00+00:00,10086.9,10127.1,10073.4,10114.7,119.7526095,BTC/USD
2019-08-28 03:00:00+00:00,10114.7,10128.4,10063,10077.9,110.9429977,BTC/USD
2019-08-28 04:00:00+00:00,10077.8,10110,10068.7,10069.6,64.96904899,BTC/USD
2019-08-28 05:00:00+00:00,10069.1,10156,10016.3,10131,185.0507709,BTC/USD
2019-08-28 06:00:00+00:00,10131,10209.8,10111.7,10184.3,137.6233683,BTC/USD
2019-08-28 07:00:00+00:00,10184.3,10196.1,10136.4,10152,54.92092487,BTC/USD
2019-08-28 08:00:00+00:00,10155.6,10161.2,10110.2,10115.6,52.13725953,BTC/USD
2019-08-28 09:00:00+00:00,10115.6,10150,10066.1,10146.6,87.74554092,BTC/USD
2019-08-28 10:00:00+00:00,10146.6,10146.6,10105.6,10126.4,48.58127511,BTC/USD
2019-08-28 11:00:00+00:00,10126.4,10147.1,10105,10139.6,43.60015965,BTC/USD
2019-08-28 12:00:00+00:00,10139.6,10200,10131.9,10153.8,88.63693214,BTC/USD
2019-08-28 13:00:00+00:00,10153.8,10297.7,10153.8,10171.3,425.9739504,BTC/USD
2019-08-28 14:00:00+00:00,10171.7,10235.5,10155.7,10211.1,131.3705963,BTC/USD
2019-08-28 15:00:00+00:00,10210.8,10259,10194.7,10240,152.6858488,BTC/USD
2019-08-28 16:00:00+00:00,10240,10259.3,10202.5,10229.9,92.72971022,BTC/USD
2019-08-28 17:00:00+00:00,10230.1,10269,10182.8,10196,170.866145,BTC/USD
2019-08-28 18:00:00+00:00,10195.9,10195.9,9533,9702.2,2693.013495,BTC/USD
2019-08-28 19:00:00+00:00,9702.2,9739.5,9611.9,9672.8,441.4861154,BTC/USD
2019-08-28 20:00:00+00:00,9675.9,9700,9638.1,9666.6,232.4563215,BTC/USD
2019-08-28 21:00:00+00:00,9666.6,9735.6,9631.8,9715.4,773.3038027,BTC/USD
2019-08-28 22:00:00+00:00,9720.8,9735,9678.7,9732.7,192.1816862,BTC/USD
2019-08-28 23:00:00+00:00,9732.7,9745.9,9700,9716.1,179.6694729,BTC/USD
2019-08-29 00:00:00+00:00,9716.1,9716.1,9642.1,9687.3,180.4301451,BTC/USD
2019-08-29 01:00:00+00:00,9687.4,9702.6,9667.1,9690.1,146.9260241,BTC/USD
2019-08-29 02:00:00+00:00,9690.1,9714.5,9651.6,9670.9,116.8142189,BTC/USD
2019-08-29 03:00:00+00:00,9670.9,9670.9,9530,9587.4,528.473516,BTC/USD
2019-08-29 04:00:00+00:00,9587.4,9614.9,9555.7,9605.2,235.6041342,BTC/USD
2019-08-29 05:00:00+00:00,9605.2,9627.3,9581,9588,98.67432045,BTC/USD
2019-08-29 06:00:00+00:00,9588,9588,9376.9,9532.3,471.1285282,BTC/USD
2019-08-29 07:00:00+00:00,9532.3,9549.1,9307.8,9390,591.4954457,BTC/USD
2019-08-29 08:00:00+00:00,9390,9465.1,9389.9,9406.6,257.8358023,BTC/USD
2019-08-29 09:00:00+00:00,9407.1,9491.3,9407.1,9480.5,113.0841683,BTC/USD
2019-08-29 10:00:00+00:00,9480.5,9480.6,9438,9452.4,86.39908482,BTC/USD
2019-08-29 11:00:00+00:00,9452.4,9494.8,9437,9450,140.1223776,BTC/USD
2019-08-29 12:00:00+00:00,9450,9484.2,9375,9451.4,309.2378046,BTC/USD
2019-08-29 13:00:00+00:00,9455,9489.8,9445.2,9450.5,229.5729043,BTC/USD
2019-08-29 14:00:00+00:00,9450.5,9450.6,9356.5,9414.2,236.8219946,BTC/USD
2019-08-29 15:00:00+00:00,9403.8,9627.5,9403.8,9502,572.2078557,BTC/USD
2019-08-29 16:00:00+00:00,9502,9533.5,9471.4,9471.4,208.4206162,BTC/USD
2019-08-29 17:00:00+00:00,9471.4,9557.2,9471.4,9532.7,230.7374186,BTC/USD
2019-08-29 18:00:00+00:00,9532.7,9593.8,9473.9,9487,236.3621793,BTC/USD
2019-08-29 19:00:00+00:00,9487,9512.4,9435.9,9502.2,197.2889777,BTC/USD
2019-08-29 20:00:00+00:00,9502.2,9528,9478.8,9522.3,142.0253742,BTC/USD
2019-08-29 21:00:00+00:00,9528,9539.7,9483.6,9510.1,130.9904658,BTC/USD
2019-08-29 22:00:00+00:00,9509.5,9516,9479,9482.9,81.2634553,BTC/USD
2019-08-29 23:00:00+00:00,9482.9,9525.7,9436.8,9484.3,298.6038332,BTC/USD
2019-08-30 00:00:00+00:00,9484.7,9539.6,9415.3,9450.3,172.8649765,BTC/USD
2019-08-30 01:00:00+00:00,9450.3,9466.1,9350.5,9452.1,454.5396621,BTC/USD
2019-08-30 02:00:00+00:00,9455.2,9476.9,9429.9,9432.9,94.25476513,BTC/USD
2019-08-30 03:00:00+00:00,9432.9,9475,9425.8,9466.5,104.1592663,BTC/USD
2019-08-30 04:00:00+00:00,9469.4,9490.1,9443.9,9482.3,48.96315608,BTC/USD
2019-08-30 05:00:00+00:00,9494,9511.8,9480,9499.3,132.4738442,BTC/USD
2019-08-30 06:00:00+00:00,9499.3,9566.3,9478.1,9479.8,211.3870507,BTC/USD
2019-08-30 07:00:00+00:00,9479.8,9507,9471.5,9474.9,156.9366631,BTC/USD
2019-08-30 08:00:00+00:00,9474.4,9567,9471.4,9521.9,111.2439529,BTC/USD
2019-08-30 09:00:00+00:00,9521.9,9585.6,9508.7,9575.1,153.0368643,BTC/USD
2019-08-30 10:00:00+00:00,9575.1,9624.8,9555,9568.5,211.1896526,BTC/USD
2019-08-30 11:00:00+00:00,9569,9601.6,9538,9575.8,137.4701721,BTC/USD
2019-08-30 12:00:00+00:00,9575.8,9620.7,9561.6,9584.9,252.463214,BTC/USD
2019-08-30 13:00:00+00:00,9584.9,9626,9571.3,9605,159.5227271,BTC/USD
2019-08-30 14:00:00+00:00,9605,9609,9559.7,9580.9,102.983745,BTC/USD
2019-08-30 15:00:00+00:00,9580.9,9609.8,9550,9587.6,109.6443396,BTC/USD
2019-08-30 16:00:00+00:00,9587.6,9599,9532.1,9573.5,167.7499184,BTC/USD
2019-08-30 17:00:00+00:00,9573.5,9577.8,9515,9534.9,170.2770071,BTC/USD
2019-08-30 18:00:00+00:00,9534.9,9549.7,9505,9508.5,151.6786502,BTC/USD
2019-08-30 19:00:00+00:00,9512.5,9588.5,9457.7,9571.6,260.2525039,BTC/USD
2019-08-30 20:00:00+00:00,9571.9,9708,9571.9,9620.9,616.8680808,BTC/USD
2019-08-30 21:00:00+00:00,9624.8,9627,9581.3,9590,153.9622888,BTC/USD
2019-08-30 22:00:00+00:00,9590,9608.6,9566.6,9593.5,93.16685205,BTC/USD
2019-08-30 23:00:00+00:00,9593.5,9624.2,9555,9578,144.8234093,BTC/USD
2019-08-31 00:00:00+00:00,9578,9608.5,9566.4,9593,36.97569141,BTC/USD
2019-08-31 01:00:00+00:00,9593,9657.3,9592.1,9619.8,118.3225804,BTC/USD
2019-08-31 02:00:00+00:00,9619.8,9654.9,9619.7,9623.8,97.41057082,BTC/USD
2019-08-31 03:00:00+00:00,9623.8,9633,9607,9619.7,46.01088482,BTC/USD
2019-08-31 04:00:00+00:00,9618.7,9618.7,9586,9616.6,58.71308862,BTC/USD
2019-08-31 05:00:00+00:00,9616.6,9620,9594.9,9617.3,9.29007865,BTC/USD
2019-08-31 06:00:00+00:00,9617,9617,9582.4,9595.6,32.20159295,BTC/USD
2019-08-31 07:00:00+00:00,9595.5,9613.7,9556.8,9589.4,73.81970342,BTC/USD
2019-08-31 08:00:00+00:00,9589.4,9596.9,9560,9567.4,62.2506529,BTC/USD
2019-08-31 09:00:00+00:00,9566.8,9585.4,9531.2,9581,85.23085176,BTC/USD
2019-08-31 10:00:00+00:00,9581,9601.9,9567.9,9584.5,79.3308723,BTC/USD
2019-08-31 11:00:00+00:00,9578.5,9580,9544.7,9570,50.37877701,BTC/USD
2019-08-31 12:00:00+00:00,9570,9610.5,9557.6,9603.5,38.13330131,BTC/USD
2019-08-31 13:00:00+00:00,9603.6,9615.6,9588.9,9611.4,89.75626045,BTC/USD
2019-08-31 14:00:00+00:00,9611.4,9611.4,9569.8,9593.9,49.89614072,BTC/USD
2019-08-31 15:00:00+00:00,9591.5,9606.9,9578.9,9606.9,56.31734016,BTC/USD
2019-08-31 16:00:00+00:00,9606.2,9606.2,9577.2,9600,43.71964205,BTC/USD
2019-08-31 17:00:00+00:00,9600,9630,9590,9606.1,41.89831388,BTC/USD
2019-08-31 18:00:00+00:00,9606.1,9611.8,9570.5,9578,50.51389584,BTC/USD
2019-08-31 19:00:00+00:00,9582.6,9592.9,9558.5,9581.5,50.95418249,BTC/USD
2019-08-31 20:00:00+00:00,9581.5,9581.5,9400,9491.9,414.6867398,BTC/USD
2019-08-31 21:00:00+00:00,9494.7,9673.3,9473.7,9660.3,211.738748,BTC/USD
2019-08-31 22:00:00+00:00,9665,9690,9610.3,9632.9,125.8168471,BTC/USD
2019-08-31 23:00:00+00:00,9632.9,9632.9,9602,9604.3,40.44343472,BTC/USD
2019-09-01 00:00:00+00:00,9602.1,9633.5,9580.5,9624.4,57.85249051,BTC/USD
2019-09-01 01:00:00+00:00,9624.4,9639,9619.8,9620.2,63.47361566,BTC/USD
2019-09-01 02:00:00+00:00,9620.2,9626.7,9615.7,9621.9,14.78009258,BTC/USD
2019-09-01 03:00:00+00:00,9621.7,9640.7,9620.2,9634.2,36.22749663,BTC/USD
2019-09-01 04:00:00+00:00,9634.2,9648.5,9625.4,9631.5,28.07657912,BTC/USD
2019-09-01 05:00:00+00:00,9631.5,9631.5,9606.7,9612.1,82.78369286,BTC/USD
2019-09-01 06:00:00+00:00,9612.1,9627.9,9611.7,9624,23.49345484,BTC/USD
2019-09-01 07:00:00+00:00,9624,9628.1,9620,9624,26.13793511,BTC/USD
2019-09-01 08:00:00+00:00,9624,9624.4,9559.5,9601.9,69.62361465,BTC/USD
2019-09-01 09:00:00+00:00,9601.8,9622.6,9579.8,9609,44.65035253,BTC/USD
2019-09-01 10:00:00+00:00,9608,9608,9590,9595.7,63.58331916,BTC/USD
2019-09-01 11:00:00+00:00,9595.7,9606.3,9590,9590,38.45731468,BTC/USD
2019-09-01 12:00:00+00:00,9590,9596.5,9575,9591.3,55.57934341,BTC/USD
2019-09-01 13:00:00+00:00,9590.4,9595.2,9568.1,9582.5,40.16030156,BTC/USD
2019-09-01 14:00:00+00:00,9582.5,9602.9,9574,9590.4,24.71776718,BTC/USD
2019-09-01 15:00:00+00:00,9590.4,9664.2,9585.8,9629.7,90.95205481,BTC/USD
2019-09-01 16:00:00+00:00,9629.7,9629.7,9572.3,9596,176.074635,BTC/USD
2019-09-01 17:00:00+00:00,9596,9648.7,9540.8,9603.1,83.10609787,BTC/USD
2019-09-01 18:00:00+00:00,9605.7,9626.3,9602.3,9608,19.36822351,BTC/USD
2019-09-01 19:00:00+00:00,9608.6,9643.5,9591.3,9625.5,112.7186632,BTC/USD
2019-09-01 20:00:00+00:00,9628.3,9636,9611.7,9633.6,65.87579281,BTC/USD
2019-09-01 21:00:00+00:00,9633.6,9850,9632.7,9705.1,454.5459448,BTC/USD
2019-09-01 22:00:00+00:00,9705.1,9839.2,9705,9790.4,309.21698,BTC/USD
2019-09-01 23:00:00+00:00,9790.5,9815,9748,9764.9,151.086439,BTC/USD
2019-09-02 00:00:00+00:00,9765,9791.7,9761.2,9782.9,255.2437681,BTC/USD
2019-09-02 01:00:00+00:00,9782.5,9788.9,9766.2,9771.8,71.80128816,BTC/USD
2019-09-02 02:00:00+00:00,9771.8,9800,9767.9,9788,67.21283158,BTC/USD
2019-09-02 03:00:00+00:00,9788,9800,9760.7,9769.5,81.40046559,BTC/USD
2019-09-02 04:00:00+00:00,9769.5,9792.2,9767.7,9789.6,30.01097833,BTC/USD
2019-09-02 05:00:00+00:00,9789.6,9799.8,9779.3,9779.3,50.10248225,BTC/USD
2019-09-02 06:00:00+00:00,9779.3,9779.3,9765,9765,45.07834331,BTC/USD
2019-09-02 07:00:00+00:00,9765,9774.9,9765,9774.7,38.13204861,BTC/USD
2019-09-02 08:00:00+00:00,9774.7,9774.7,9752.8,9764.9,82.45179328,BTC/USD
2019-09-02 09:00:00+00:00,9764.8,9813.5,9764.8,9792.4,83.5816306,BTC/USD
2019-09-02 10:00:00+00:00,9792.4,9849.2,9792.4,9799.5,172.6364476,BTC/USD
2019-09-02 11:00:00+00:00,9799.5,9861.5,9799.5,9854.2,110.9917758,BTC/USD
2019-09-02 12:00:00+00:00,9850.1,9855,9817.9,9842.6,84.20299369,BTC/USD
2019-09-02 13:00:00+00:00,9842.6,9940,9840.1,9917.3,284.9749844,BTC/USD
2019-09-02 14:00:00+00:00,9917.1,9975,9901.8,9926.6,373.4260094,BTC/USD
2019-09-02 15:00:00+00:00,9926.6,9927,9883.4,9908.9,180.3856857,BTC/USD
2019-09-02 16:00:00+00:00,9908.1,9964,9903.4,9945,198.1861721,BTC/USD
2019-09-02 17:00:00+00:00,9945,10135.6,9945,10098.1,688.3263862,BTC/USD
2019-09-02 18:00:00+00:00,10098.1,10199,10098.1,10145,379.9331361,BTC/USD
2019-09-02 19:00:00+00:00,10145,10199,10115.8,10187.6,202.1681416,BTC/USD
2019-09-02 20:00:00+00:00,10187.6,10490,10187.6,10409.4,1291.450889,BTC/USD
2019-09-02 21:00:00+00:00,10409.2,10472.1,10354.5,10399.9,961.1105795,BTC/USD
2019-09-02 22:00:00+00:00,10400,10469.5,10383.6,10395,284.9779112,BTC/USD
2019-09-02 23:00:00+00:00,10395,10416,10342,10389.5,300.6524533,BTC/USD
2019-09-03 00:00:00+00:00,10389.5,10437,10389.5,10405,157.2383492,BTC/USD
2019-09-03 01:00:00+00:00,10405,10408.8,10271.6,10359.1,379.8896953,BTC/USD
2019-09-03 02:00:00+00:00,10359.1,10424.1,10334.1,10401.1,344.0884543,BTC/USD
2019-09-03 03:00:00+00:00,10398.9,10499.9,10389.9,10410.6,347.8592008,BTC/USD
2019-09-03 04:00:00+00:00,10410.6,10431.7,10365,10406.8,167.1635555,BTC/USD
2019-09-03 05:00:00+00:00,10406.8,10438.9,10395,10420.5,155.8027079,BTC/USD
2019-09-03 06:00:00+00:00,10420.5,10420.5,10394,10401.9,78.5774622,BTC/USD
2019-09-03 07:00:00+00:00,10401.1,10403,10376,10385.9,72.52133592,BTC/USD
2019-09-03 08:00:00+00:00,10385.9,10406.8,10375,10375,73.89815882,BTC/USD
2019-09-03 09:00:00+00:00,10375,10390.1,10305,10305.1,208.1680101,BTC/USD
2019-09-03 10:00:00+00:00,10305.1,10395,10289,10395,176.1129472,BTC/USD
2019-09-03 11:00:00+00:00,10395.1,10481.3,10395,10429.5,243.3786197,BTC/USD
2019-09-03 12:00:00+00:00,10433.5,10647.8,10409.4,10585.7,448.2422324,BTC/USD
2019-09-03 13:00:00+00:00,10585.4,10750,10551.7,10679.6,908.7717182,BTC/USD
2019-09-03 14:00:00+00:00,10679.6,10785.6,10580,10644.6,641.3698998,BTC/USD
2019-09-03 15:00:00+00:00,10644.6,10700,10594.6,10697.9,440.741375,BTC/USD
2019-09-03 16:00:00+00:00,10697.9,10725,10650.9,10660.5,294.5360118,BTC/USD
2019-09-03 17:00:00+00:00,10660.5,10678.8,10615.2,10619.3,226.9455257,BTC/USD
2019-09-03 18:00:00+00:00,10619.3,10669.6,10616.1,10625.2,112.6190163,BTC/USD
2019-09-03 19:00:00+00:00,10625.2,10678.8,10625.2,10660.7,198.2553469,BTC/USD
2019-09-03 20:00:00+00:00,10656.9,10729,10652.2,10714,184.4130984,BTC/USD
2019-09-03 21:00:00+00:00,10712.1,10717.5,10683.5,10699.9,48.53517855,BTC/USD
2019-09-03 22:00:00+00:00,10699.9,10728.3,10686.1,10707,105.1921744,BTC/USD
2019-09-03 23:00:00+00:00,10706.9,10707,10511,10614.6,1002.466351,BTC/USD
2019-09-04 00:00:00+00:00,10619.7,10632.2,10575.6,10583.7,226.6334363,BTC/USD
2019-09-04 01:00:00+00:00,10583.7,10588.8,10443.2,10520.3,593.9129358,BTC/USD
2019-09-04 02:00:00+00:00,10522.6,10569,10509.9,10550.1,120.7660685,BTC/USD
2019-09-04 03:00:00+00:00,10550.1,10650,10513.8,10620,253.1772786,BTC/USD
2019-09-04 04:00:00+00:00,10620,10645.2,10573.5,10596.7,119.6242202,BTC/USD
2019-09-04 05:00:00+00:00,10596.7,10607.4,10553.4,10577,55.77510752,BTC/USD
2019-09-04 06:00:00+00:00,10577,10620.1,10577,10584.3,77.76951972,BTC/USD
2019-09-04 07:00:00+00:00,10584.3,10594.5,10532.2,10577.9,99.74034274,BTC/USD
2019-09-04 08:00:00+00:00,10577.9,10579.1,10471,10511.5,119.1022211,BTC/USD
2019-09-04 09:00:00+00:00,10511.5,10542.8,10492.4,10509,81.53110818,BTC/USD
2019-09-04 10:00:00+00:00,10509,10590.9,10480,10566,150.0596233,BTC/USD
2019-09-04 11:00:00+00:00,10565.9,10575.7,10510.1,10528.9,125.5566335,BTC/USD
2019-09-04 12:00:00+00:00,10528.9,10538,10480,10487,147.8527222,BTC/USD
2019-09-04 13:00:00+00:00,10481.2,10486.8,10319,10403.6,491.0615442,BTC/USD
2019-09-04 14:00:00+00:00,10403.6,10458.6,10385.1,10405.1,185.4579073,BTC/USD
2019-09-04 15:00:00+00:00,10405.1,10458.1,10393.2,10425,118.0351698,BTC/USD
2019-09-04 16:00:00+00:00,10423.7,10617.5,10423.7,10573.2,335.7365017,BTC/USD
2019-09-04 17:00:00+00:00,10573.2,10675,10558.7,10654.2,309.205168,BTC/USD
2019-09-04 18:00:00+00:00,10645.1,10660,10594.3,10594.3,231.0784727,BTC/USD
2019-09-04 19:00:00+00:00,10594.3,10730,10594.3,10712,333.0101448,BTC/USD
2019-09-04 20:00:00+00:00,10723.8,10892.1,10607,10614.2,887.615747,BTC/USD
2019-09-04 21:00:00+00:00,10623.8,10672.8,10609.8,10663.7,174.5878369,BTC/USD
2019-09-04 22:00:00+00:00,10663.6,10700.1,10475.2,10570.5,600.3374043,BTC/USD
2019-09-04 23:00:00+00:00,10570.5,10602.6,10523.2,10584.9,268.8882872,BTC/USD
2019-09-05 00:00:00+00:00,10585,10585.9,10506,10532.1,228.4181336,BTC/USD
2019-09-05 01:00:00+00:00,10532.1,10560,10510,10552.6,119.0124835,BTC/USD
2019-09-05 02:00:00+00:00,10552.6,10574.6,10500.2,10544.5,208.5461022,BTC/USD
2019-09-05 03:00:00+00:00,10544.5,10580,10515,10574.3,87.16123418,BTC/USD
2019-09-05 04:00:00+00:00,10574.3,10627,10565.8,10592.8,220.2908449,BTC/USD
2019-09-05 05:00:00+00:00,10593.6,10660.4,10576,10613,143.3697458,BTC/USD
2019-09-05 06:00:00+00:00,10613,10629.4,10530.3,10540,80.89955884,BTC/USD
2019-09-05 07:00:00+00:00,10540,10580.1,10539.8,10556.1,32.25997147,BTC/USD
2019-09-05 08:00:00+00:00,10556.1,10632.4,10522,10588.6,111.6740346,BTC/USD
2019-09-05 09:00:00+00:00,10588.6,10636.2,10554.2,10568.6,53.42102343,BTC/USD
2019-09-05 10:00:00+00:00,10568.6,10662.4,10457.3,10630.1,278.9113151,BTC/USD
2019-09-05 11:00:00+00:00,10632.1,10643.4,10571.7,10580,93.13483314,BTC/USD
2019-09-05 12:00:00+00:00,10580,10611,10537.1,10582.9,165.4857691,BTC/USD
2019-09-05 13:00:00+00:00,10582.9,10616.3,10562.8,10612.2,81.92180961,BTC/USD
2019-09-05 14:00:00+00:00,10612.2,10612.9,10540.7,10559.7,134.5706696,BTC/USD
2019-09-05 15:00:00+00:00,10559.7,10579.5,10540.7,10563.9,114.639761,BTC/USD
2019-09-05 16:00:00+00:00,10563.9,10610.1,10510,10533.2,243.3836691,BTC/USD
2019-09-05 17:00:00+00:00,10533.2,10549,10491,10505,225.5795477,BTC/USD
2019-09-05 18:00:00+00:00,10502.5,10568.2,10486.9,10541.2,173.0652741,BTC/USD
2019-09-05 19:00:00+00:00,10548.6,10585.1,10489,10538.7,226.6261591,BTC/USD
2019-09-05 20:00:00+00:00,10538.7,10587.5,10513.8,10516.6,147.8287082,BTC/USD
2019-09-05 21:00:00+00:00,10517.3,10572.1,10511,10557.9,47.93693278,BTC/USD
2019-09-05 22:00:00+00:00,10557.9,10594.2,10540,10582.6,95.55745354,BTC/USD
2019-09-05 23:00:00+00:00,10589.2,10603.2,10565,10574.9,123.2240345,BTC/USD
2019-09-06 00:00:00+00:00,10577.5,10617.2,10565.9,10584.1,209.951014,BTC/USD
2019-09-06 01:00:00+00:00,10583.7,10619.4,10581.7,10590,99.56456758,BTC/USD
2019-09-06 02:00:00+00:00,10590,10694.9,10590,10667,158.8686532,BTC/USD
2019-09-06 03:00:00+00:00,10662.1,10725,10656,10658.4,211.750912,BTC/USD
2019-09-06 04:00:00+00:00,10658.4,10750,10656.4,10719,147.6572353,BTC/USD
2019-09-06 05:00:00+00:00,10719,10797,10702,10716.7,268.6293043,BTC/USD
2019-09-06 06:00:00+00:00,10718.5,10756.5,10701,10733.9,121.8055435,BTC/USD
2019-09-06 07:00:00+00:00,10733.9,10765.4,10710.3,10752.3,81.91311384,BTC/USD
2019-09-06 08:00:00+00:00,10754.7,10798,10701.9,10724,176.6712324,BTC/USD
2019-09-06 09:00:00+00:00,10724,10750,10710.3,10739.9,66.69504534,BTC/USD
2019-09-06 10:00:00+00:00,10739.9,10793,10739.9,10750,154.9272544,BTC/USD
2019-09-06 11:00:00+00:00,10750,10920,10750,10873,805.6778161,BTC/USD
2019-09-06 12:00:00+00:00,10865.4,10947,10857.4,10860.8,407.7681998,BTC/USD
2019-09-06 13:00:00+00:00,10860.9,10889.8,10810,10841.8,344.1667471,BTC/USD
2019-09-06 14:00:00+00:00,10840.8,10896,10835.2,10857.6,166.2529397,BTC/USD
2019-09-06 15:00:00+00:00,10858.9,10919.2,10858.8,10881.7,189.7369904,BTC/USD
2019-09-06 16:00:00+00:00,10881.7,10936.8,10853.4,10888.4,252.2172843,BTC/USD
2019-09-06 17:00:00+00:00,10888.4,10893.5,10269.3,10437.6,1745.383104,BTC/USD
2019-09-06 18:00:00+00:00,10425.4,10444,10334.8,10364.5,610.8225214,BTC/USD
2019-09-06 19:00:00+00:00,10364.6,10407.2,10340,10383.3,331.7956854,BTC/USD
2019-09-06 20:00:00+00:00,10383.3,10383.3,10145.3,10351.3,850.5321031,BTC/USD
2019-09-06 21:00:00+00:00,10354,10430,10305,10430,140.2426077,BTC/USD
2019-09-06 22:00:00+00:00,10429.4,10429.4,10252.2,10333.5,546.7779803,BTC/USD
2019-09-06 23:00:00+00:00,10332.2,10354.8,10292.7,10311.8,183.6018319,BTC/USD
2019-09-07 00:00:00+00:00,10307.5,10362,10307.5,10348.1,91.68136878,BTC/USD
2019-09-07 01:00:00+00:00,10348,10377.7,10344.1,10347.8,120.5145854,BTC/USD
2019-09-07 02:00:00+00:00,10347.8,10370.1,10335,10344.3,38.72669658,BTC/USD
2019-09-07 03:00:00+00:00,10344.3,10353.8,10330.6,10342.1,18.12524302,BTC/USD
2019-09-07 04:00:00+00:00,10342.1,10364.9,10324.3,10358.3,73.05182362,BTC/USD
2019-09-07 05:00:00+00:00,10358.3,10359.9,10346.1,10359.9,26.57900943,BTC/USD
2019-09-07 06:00:00+00:00,10359.9,10368,10346.6,10351.4,28.79365351,BTC/USD
2019-09-07 07:00:00+00:00,10351.4,10400,10340,10384.7,51.72449537,BTC/USD
2019-09-07 08:00:00+00:00,10386,10436.5,10386,10415,106.4549445,BTC/USD
2019-09-07 09:00:00+00:00,10415,10415.8,10374.9,10388.2,30.91832997,BTC/USD
2019-09-07 10:00:00+00:00,10388.2,10410,10351,10379.3,75.3676469,BTC/USD
2019-09-07 11:00:00+00:00,10380.3,10436.3,10380.3,10436.3,48.76310907,BTC/USD
2019-09-07 12:00:00+00:00,10428,10435,10380.3,10380.3,46.83695591,BTC/USD
2019-09-07 13:00:00+00:00,10380.3,10400,10375.4,10399.8,50.41541577,BTC/USD
2019-09-07 14:00:00+00:00,10399.2,10446.1,10394.7,10421.2,118.5679021,BTC/USD
2019-09-07 15:00:00+00:00,10425,10484,10422.6,10477,184.2865793,BTC/USD
2019-09-07 16:00:00+00:00,10477,10559.4,10370,10528.8,306.4283978,BTC/USD
2019-09-07 17:00:00+00:00,10523.8,10569.1,10484.1,10505.8,204.401615,BTC/USD
2019-09-07 18:00:00+00:00,10505.8,10541.5,10480,10488.2,107.2308675,BTC/USD
2019-09-07 19:00:00+00:00,10486.1,10526,10451.3,10493.3,145.7671408,BTC/USD
2019-09-07 20:00:00+00:00,10493.3,10516.6,10475.9,10507.5,80.41647773,BTC/USD
2019-09-07 21:00:00+00:00,10507.5,10549.8,10478.8,10529,80.36263415,BTC/USD
2019-09-07 22:00:00+00:00,10529,10533.3,10488.1,10504,50.69568526,BTC/USD
2019-09-07 23:00:00+00:00,10504,10504,10470.4,10483.4,92.02961032,BTC/USD
2019-09-08 00:00:00+00:00,10483.3,10524.7,10483.3,10511.2,44.92202112,BTC/USD
2019-09-08 01:00:00+00:00,10511.2,10528.7,10492.3,10495.4,82.17573441,BTC/USD
2019-09-08 02:00:00+00:00,10495.5,10510.2,10482.9,10482.9,24.26177768,BTC/USD
2019-09-08 03:00:00+00:00,10480,10581.6,10472.7,10550,164.711157,BTC/USD
2019-09-08 04:00:00+00:00,10550,10599.1,10550,10575.4,112.6974922,BTC/USD
2019-09-08 05:00:00+00:00,10575.4,10575.8,10530.1,10553.7,68.66953213,BTC/USD
2019-09-08 06:00:00+00:00,10553.9,10582.4,10548,10577.2,12.95662958,BTC/USD
2019-09-08 07:00:00+00:00,10577.2,10591.2,10542,10542.1,23.26345889,BTC/USD
2019-09-08 08:00:00+00:00,10542.1,10548.8,10495,10524.9,32.18248445,BTC/USD
2019-09-08 09:00:00+00:00,10524.3,10558.4,10509.5,10518.5,49.86137154,BTC/USD
2019-09-08 10:00:00+00:00,10518.5,10549.4,10507.1,10522.8,24.16507649,BTC/USD
2019-09-08 11:00:00+00:00,10522.8,10522.8,10240.9,10405.3,576.9965616,BTC/USD
2019-09-08 12:00:00+00:00,10405.3,10426,10388,10406,82.33693686,BTC/USD
2019-09-08 13:00:00+00:00,10406,10417.9,10377.1,10379.6,75.41329665,BTC/USD
2019-09-08 14:00:00+00:00,10381.1,10432.3,10377,10423,51.71319444,BTC/USD
2019-09-08 15:00:00+00:00,10423,10424.8,10391.4,10406.8,44.06483344,BTC/USD
2019-09-08 16:00:00+00:00,10406.8,10447.9,10353,10415,76.33089404,BTC/USD
2019-09-08 17:00:00+00:00,10417.1,10417.1,10375,10380.6,45.23184315,BTC/USD
2019-09-08 18:00:00+00:00,10378.5,10398.9,10320.8,10349.9,79.03667287,BTC/USD
2019-09-08 19:00:00+00:00,10343.5,10369.7,10330,10354.6,93.8168397,BTC/USD
2019-09-08 20:00:00+00:00,10354.6,10370.1,10336.4,10357.4,45.45328079,BTC/USD
2019-09-08 21:00:00+00:00,10369.3,10420,10341.9,10415.1,137.0871851,BTC/USD
2019-09-08 22:00:00+00:00,10419.9,10429.6,10395.6,10399.4,72.5991038,BTC/USD
2019-09-08 23:00:00+00:00,10399.4,10425,10387.6,10408.6,53.99181535,BTC/USD
2019-09-09 00:00:00+00:00,10398.9,10415,10382.9,10402.3,33.22829259,BTC/USD
2019-09-09 01:00:00+00:00,10402.3,10409.5,10382.9,10398.4,33.06242258,BTC/USD
2019-09-09 02:00:00+00:00,10398.4,10403,10305.1,10322.1,219.2414413,BTC/USD
2019-09-09 03:00:00+00:00,10321.7,10342.3,10275,10310.7,172.7451295,BTC/USD
2019-09-09 04:00:00+00:00,10310.7,10334.7,10257,10327.3,173.6702196,BTC/USD
2019-09-09 05:00:00+00:00,10327.3,10334.9,10299,10306.3,37.10937204,BTC/USD
2019-09-09 06:00:00+00:00,10306.3,10306.3,10225.6,10250,129.4927128,BTC/USD
2019-09-09 07:00:00+00:00,10256.2,10265.8,10073.2,10143,516.1040001,BTC/USD
2019-09-09 08:00:00+00:00,10143,10152,10051,10141.5,272.6127507,BTC/USD
2019-09-09 09:00:00+00:00,10141.5,10256,10138.8,10240.9,231.064204,BTC/USD
2019-09-09 10:00:00+00:00,10240.9,10252,10197.2,10250.8,110.239488,BTC/USD
2019-09-09 11:00:00+00:00,10250.8,10523,10226.9,10422.3,520.0194862,BTC/USD
2019-09-09 12:00:00+00:00,10422.3,10430,10349,10363.3,271.5382449,BTC/USD
2019-09-09 13:00:00+00:00,10361.2,10386.1,10323,10330.4,157.555097,BTC/USD
2019-09-09 14:00:00+00:00,10330.5,10369.8,10306.3,10341.7,216.293084,BTC/USD
2019-09-09 15:00:00+00:00,10341.7,10372,10316.3,10326.9,96.96721744,BTC/USD
2019-09-09 16:00:00+00:00,10326.9,10332,10177,10259.7,560.2629243,BTC/USD
2019-09-09 17:00:00+00:00,10259.7,10290,10231,10265,183.5463385,BTC/USD
2019-09-09 18:00:00+00:00,10265,10289.2,10251,10255,115.2322549,BTC/USD
2019-09-09 19:00:00+00:00,10255,10317.9,10243,10311.3,120.7245089,BTC/USD
2019-09-09 20:00:00+00:00,10310,10316.9,10232,10237.8,219.1596523,BTC/USD
2019-09-09 21:00:00+00:00,10237.8,10278,10232.1,10277.9,76.46426815,BTC/USD
2019-09-09 22:00:00+00:00,10277.9,10375,10277.9,10330.8,209.9698726,BTC/USD
2019-09-09 23:00:00+00:00,10330.8,10371.5,10314.5,10314.5,55.26034866,BTC/USD
2019-09-10 00:00:00+00:00,10314.5,10371.8,10305.8,10344,174.8368402,BTC/USD
2019-09-10 01:00:00+00:00,10344,10388,10333.9,10333.9,98.84206529,BTC/USD
2019-09-10 02:00:00+00:00,10333.9,10359.2,10285,10285.1,117.5608584,BTC/USD
2019-09-10 03:00:00+00:00,10285.1,10314,10271.6,10301.5,80.66867969,BTC/USD
2019-09-10 04:00:00+00:00,10301.5,10327.5,10279.3,10301,89.59941754,BTC/USD
2019-09-10 05:00:00+00:00,10301,10306,10255,10273.3,83.31977519,BTC/USD
2019-09-10 06:00:00+00:00,10273.3,10273.3,10239,10268,57.73861024,BTC/USD
2019-09-10 07:00:00+00:00,10268,10302,10250,10279.2,57.32844361,BTC/USD
2019-09-10 08:00:00+00:00,10279.2,10288,10253.4,10263.9,40.50942575,BTC/USD
2019-09-10 09:00:00+00:00,10263.9,10288.1,10197,10257.1,206.5272695,BTC/USD
2019-09-10 10:00:00+00:00,10257.1,10279.1,10227,10239,77.94111328,BTC/USD
2019-09-10 11:00:00+00:00,10239,10260,10227,10253.7,41.97070663,BTC/USD
2019-09-10 12:00:00+00:00,10253.7,10269.8,10233.6,10264.8,57.15300919,BTC/USD
2019-09-10 13:00:00+00:00,10258.5,10264.7,10227,10240.5,99.78548385,BTC/USD
2019-09-10 14:00:00+00:00,10238.5,10239,10181,10203.3,181.9619729,BTC/USD
2019-09-10 15:00:00+00:00,10202.8,10216,10150,10169.7,230.3367464,BTC/USD
2019-09-10 16:00:00+00:00,10169.7,10226,10169.6,10221,160.0924428,BTC/USD
2019-09-10 17:00:00+00:00,10221,10345,10193.1,10206.4,72.32309064,BTC/USD
2019-09-10 18:00:00+00:00,10205.9,10295.8,10191.6,10191.6,84.62190369,BTC/USD
2019-09-10 19:00:00+00:00,10191.6,10200.3,9938.1,10006,1061.793127,BTC/USD
2019-09-10 20:00:00+00:00,10006,10072.8,9980,10056.5,494.3591585,BTC/USD
2019-09-10 21:00:00+00:00,10056.5,10115,10040,10100,284.3427661,BTC/USD
2019-09-10 22:00:00+00:00,10100,10111,10057.5,10078.4,106.5262401,BTC/USD
2019-09-10 23:00:00+00:00,10078.4,10114.2,10039.9,10094.5,270.7703623,BTC/USD
2019-09-11 00:00:00+00:00,10094.5,10250,10085,10137,606.1583243,BTC/USD
2019-09-11 01:00:00+00:00,10135.8,10144.9,10070.4,10075.7,199.6843639,BTC/USD
2019-09-11 02:00:00+00:00,10071.9,10092.3,10055,10063.3,105.8117142,BTC/USD
2019-09-11 03:00:00+00:00,10063.3,10108.4,10063.3,10080.3,86.11411995,BTC/USD
2019-09-11 04:00:00+00:00,10080.4,10080.4,10035.5,10043.7,134.8248032,BTC/USD
2019-09-11 05:00:00+00:00,10043.7,10057.6,9953.2,10012.3,188.5800289,BTC/USD
2019-09-11 06:00:00+00:00,10012.3,10025,9886.5,9987.7,418.0087382,BTC/USD
2019-09-11 07:00:00+00:00,9987.7,10057.6,9975.4,10046.9,348.9835707,BTC/USD
2019-09-11 08:00:00+00:00,10046.9,10060,9995,9995,124.3626464,BTC/USD
2019-09-11 09:00:00+00:00,9995,10015,9980,9999.6,185.5383963,BTC/USD
2019-09-11 10:00:00+00:00,9999.6,10100.1,9999.6,10087.3,174.2879975,BTC/USD
2019-09-11 11:00:00+00:00,10087.3,10125,10060,10062.3,125.2643546,BTC/USD
2019-09-11 12:00:00+00:00,10062.3,10091.6,10040,10091.6,108.6338699,BTC/USD
2019-09-11 13:00:00+00:00,10091.6,10092,10006.4,10032,191.6758082,BTC/USD
2019-09-11 14:00:00+00:00,10032,10055,9973.8,10025.5,328.7008678,BTC/USD
2019-09-11 15:00:00+00:00,10025.5,10026.5,9973.9,9980.1,174.2475917,BTC/USD
2019-09-11 16:00:00+00:00,9980.2,10112.9,9930,10045.1,646.007834,BTC/USD
2019-09-11 17:00:00+00:00,10045.1,10075.8,10043,10050.2,142.9713629,BTC/USD
2019-09-11 18:00:00+00:00,10050.1,10116.9,10050.1,10070.1,153.2287441,BTC/USD
2019-09-11 19:00:00+00:00,10070.1,10098.7,10045,10080.4,173.0500424,BTC/USD
2019-09-11 20:00:00+00:00,10080.4,10120,10060,10094.9,160.5476294,BTC/USD
2019-09-11 21:00:00+00:00,10094.3,10178.9,10073.5,10156.7,252.8392844,BTC/USD
2019-09-11 22:00:00+00:00,10166,10177.2,10130.1,10145.9,112.2152749,BTC/USD
2019-09-11 23:00:00+00:00,10145.9,10163.3,10105,10160.7,166.2295745,BTC/USD
2019-09-12 00:00:00+00:00,10160.7,10219,10136.2,10146.5,251.191855,BTC/USD
2019-09-12 01:00:00+00:00,10146.5,10175.6,10115,10121.2,134.8081305,BTC/USD
2019-09-12 02:00:00+00:00,10121.2,10130.7,10085,10110,171.6066767,BTC/USD
2019-09-12 03:00:00+00:00,10110,10129.7,10090,10106.8,69.53113518,BTC/USD
2019-09-12 04:00:00+00:00,10106.8,10125,10070,10082,67.26206177,BTC/USD
2019-09-12 05:00:00+00:00,10082.1,10100,10074,10083.8,12.90337983,BTC/USD
2019-09-12 06:00:00+00:00,10083.8,10083.8,10040.1,10059.4,121.1211576,BTC/USD
2019-09-12 07:00:00+00:00,10059.4,10080,10055.8,10077.6,18.97169032,BTC/USD
2019-09-12 08:00:00+00:00,10077.6,10145,10055.2,10145,222.5862248,BTC/USD
2019-09-12 09:00:00+00:00,10145,10165,10117,10125.2,115.7906107,BTC/USD
2019-09-12 10:00:00+00:00,10125.1,10170,10123.1,10155.6,90.01382001,BTC/USD
2019-09-12 11:00:00+00:00,10152.5,10186.6,10140,10169.3,70.99514277,BTC/USD
2019-09-12 12:00:00+00:00,10169.2,10239,10169.2,10239,210.0097212,BTC/USD
2019-09-12 13:00:00+00:00,10236.2,10359.8,10225,10354.9,479.5488191,BTC/USD
2019-09-12 14:00:00+00:00,10349.5,10357.9,10278,10314.5,233.4284687,BTC/USD
2019-09-12 15:00:00+00:00,10314.5,10370,10299.8,10330.1,215.3033552,BTC/USD
2019-09-12 16:00:00+00:00,10330.1,10357.7,10248.1,10278.5,278.4065332,BTC/USD
2019-09-12 17:00:00+00:00,10284.5,10307.7,10270.1,10299.8,95.50602455,BTC/USD
2019-09-12 18:00:00+00:00,10299.8,10356.1,10299.7,10309.6,311.3516674,BTC/USD
2019-09-12 19:00:00+00:00,10307.4,10335.5,10276.8,10314.9,181.0312015,BTC/USD
2019-09-12 20:00:00+00:00,10314.9,10375,10312.2,10330.5,258.0115447,BTC/USD
2019-09-12 21:00:00+00:00,10330.5,10445.2,10330.5,10415.9,805.4312785,BTC/USD
2019-09-12 22:00:00+00:00,10415.9,10479.9,10405,10405.1,278.0956367,BTC/USD
2019-09-12 23:00:00+00:00,10405.1,10420,10376.1,10420,188.6086009,BTC/USD
2019-09-13 00:00:00+00:00,10419.8,10455,10383.4,10389.7,203.017423,BTC/USD
2019-09-13 01:00:00+00:00,10394.6,10399.9,10356.4,10356.4,94.50005657,BTC/USD
2019-09-13 02:00:00+00:00,10356.4,10391.6,10349,10378,199.0950197,BTC/USD
2019-09-13 03:00:00+00:00,10378,10395.7,10365,10393.8,46.51788775,BTC/USD
2019-09-13 04:00:00+00:00,10393.8,10417.5,10355,10356.7,143.295094,BTC/USD
2019-09-13 05:00:00+00:00,10356.7,10364.3,10310,10324.3,148.0297412,BTC/USD
2019-09-13 06:00:00+00:00,10324.3,10345,10315.7,10334.9,39.59125847,BTC/USD
2019-09-13 07:00:00+00:00,10334.9,10335,10300,10313.2,100.4182795,BTC/USD
2019-09-13 08:00:00+00:00,10313.2,10360,10286.6,10301.9,205.3808639,BTC/USD
2019-09-13 09:00:00+00:00,10301.7,10337.8,10286.6,10326.9,188.3178532,BTC/USD
2019-09-13 10:00:00+00:00,10326.9,10345.8,10295,10298.9,147.7067659,BTC/USD
2019-09-13 11:00:00+00:00,10298.9,10325,10275,10325,108.7804964,BTC/USD
2019-09-13 12:00:00+00:00,10324.7,10360,10310.1,10350,209.2670757,BTC/USD
2019-09-13 13:00:00+00:00,10350,10357.4,10310,10323.2,160.7297644,BTC/USD
2019-09-13 14:00:00+00:00,10323.2,10323.6,10291.8,10299.9,130.0496944,BTC/USD
2019-09-13 15:00:00+00:00,10299.9,10332.9,10291.8,10317.1,81.72516175,BTC/USD
2019-09-13 16:00:00+00:00,10317.1,10324.9,10291.8,10299.9,123.4342847,BTC/USD
2019-09-13 17:00:00+00:00,10299.9,10312.6,10150.5,10225.1,555.3841256,BTC/USD
2019-09-13 18:00:00+00:00,10225.1,10243.4,10193.4,10229.8,94.25047884,BTC/USD
2019-09-13 19:00:00+00:00,10229.8,10234.2,10192.2,10211.4,114.4162197,BTC/USD
2019-09-13 20:00:00+00:00,10211.4,12000,8000,10266.5,674.1122185,BTC/USD
2019-09-13 21:00:00+00:00,10268,10315,10248.7,10300.8,134.4187628,BTC/USD
2019-09-13 22:00:00+00:00,10300.8,10300.9,10270,10295,99.49051426,BTC/USD
2019-09-13 23:00:00+00:00,10295,10380,10280.5,10362.1,158.966722,BTC/USD
2019-09-14 00:00:00+00:00,10362.2,10384.4,10330,10333,151.8458352,BTC/USD
2019-09-14 01:00:00+00:00,10333,10340,10321.5,10322.8,54.39502583,BTC/USD
2019-09-14 02:00:00+00:00,10322.8,10340.7,10307,10307,61.2124818,BTC/USD
2019-09-14 03:00:00+00:00,10307,10310,10297.1,10309.2,31.92044262,BTC/USD
2019-09-14 04:00:00+00:00,10309.2,10309.4,10280,10292.1,57.82321537,BTC/USD
2019-09-14 05:00:00+00:00,10292.1,10320,10290,10307.6,41.99489339,BTC/USD
2019-09-14 06:00:00+00:00,10307.6,10312.5,10292.7,10303.8,13.24483158,BTC/USD
2019-09-14 07:00:00+00:00,10303.8,10338,10292,10335,75.01758095,BTC/USD
2019-09-14 08:00:00+00:00,10335,10350,10325,10325.1,60.41011166,BTC/USD
2019-09-14 09:00:00+00:00,10325.1,10333.4,10305.9,10308.4,60.49574354,BTC/USD
2019-09-14 10:00:00+00:00,10308.4,10320,10297,10316.6,28.9077224,BTC/USD
2019-09-14 11:00:00+00:00,10316.4,10319,10300.9,10301.9,26.05223731,BTC/USD
2019-09-14 12:00:00+00:00,10300.7,10300.9,10210.7,10268.3,170.8688082,BTC/USD
2019-09-14 13:00:00+00:00,10268.3,10350,10268.3,10334.6,118.452221,BTC/USD
2019-09-14 14:00:00+00:00,10334.6,10370,10330,10365.2,156.5055756,BTC/USD
2019-09-14 15:00:00+00:00,10365.2,10405,10333.1,10375,192.4697081,BTC/USD
2019-09-14 16:00:00+00:00,10375,10375.6,10346.4,10369.9,61.1487351,BTC/USD
2019-09-14 17:00:00+00:00,10369.9,10415,10369.9,10394.7,122.3289452,BTC/USD
2019-09-14 18:00:00+00:00,10394.7,10407.2,10370,10399.7,91.00510627,BTC/USD
2019-09-14 19:00:00+00:00,10399.7,10400,10374.6,10385,45.34666701,BTC/USD
2019-09-14 20:00:00+00:00,10385,10415,10385,10413.9,84.17208009,BTC/USD
2019-09-14 21:00:00+00:00,10413.9,10440,10345,10392.2,244.097078,BTC/USD
2019-09-14 22:00:00+00:00,10392.2,10400,10351.1,10361.6,104.1679002,BTC/USD
2019-09-14 23:00:00+00:00,10361.6,10373.6,10355.9,10363.2,20.32870282,BTC/USD
2019-09-15 00:00:00+00:00,10363.2,10380,10330,10339.7,66.37457209,BTC/USD
2019-09-15 01:00:00+00:00,10339.7,10360,10335.9,10359.8,50.36181318,BTC/USD
2019-09-15 02:00:00+00:00,10359.8,10359.9,10329.3,10343.2,25.63411066,BTC/USD
2019-09-15 03:00:00+00:00,10343.2,10343.9,10309.4,10324.9,55.06391489,BTC/USD
2019-09-15 04:00:00+00:00,10324.9,10335,10301.5,10334.4,63.89697951,BTC/USD
2019-09-15 05:00:00+00:00,10334.4,10345,10334,10345,27.78310589,BTC/USD
2019-09-15 06:00:00+00:00,10345,10345,10320,10327,9.63443219,BTC/USD
2019-09-15 07:00:00+00:00,10327,10334.6,10320,10320,12.67232639,BTC/USD
2019-09-15 08:00:00+00:00,10320,10326.7,10314.1,10314.1,26.71031667,BTC/USD
2019-09-15 09:00:00+00:00,10314.1,10314.1,10285.2,10300.1,98.57180733,BTC/USD
2019-09-15 10:00:00+00:00,10300.1,10330,10299.9,10325.3,38.10734028,BTC/USD
2019-09-15 11:00:00+00:00,10325.3,10335.1,10315.2,10319.8,34.04096881,BTC/USD
2019-09-15 12:00:00+00:00,10319.8,10324.2,10285,10324.2,81.04012275,BTC/USD
2019-09-15 13:00:00+00:00,10324.2,10325,10288.4,10290.1,52.06908211,BTC/USD
2019-09-15 14:00:00+00:00,10288.5,10303.9,10275,10283,78.49401453,BTC/USD
2019-09-15 15:00:00+00:00,10283,10320,10276.5,10307.8,63.52853691,BTC/USD
2019-09-15 16:00:00+00:00,10307.8,10338.9,10305.7,10311.2,77.00011083,BTC/USD
2019-09-15 17:00:00+00:00,10311.2,10320,10294.6,10318,75.77790336,BTC/USD
2019-09-15 18:00:00+00:00,10318,10318.4,10303.8,10306.2,11.84834609,BTC/USD
2019-09-15 19:00:00+00:00,10306.2,10308.9,10292,10304.8,25.92121288,BTC/USD
2019-09-15 20:00:00+00:00,10304.8,10319.6,10270.1,10278.8,83.7585971,BTC/USD
2019-09-15 21:00:00+00:00,10278.8,10314.9,10274.9,10293.8,77.95466997,BTC/USD
2019-09-15 22:00:00+00:00,10293.8,10319.9,10290,10303.2,59.0505276,BTC/USD
2019-09-15 23:00:00+00:00,10303.2,10315.6,10302.1,10311.3,18.97167537,BTC/USD
2019-09-16 00:00:00+00:00,10311.3,10360,10311.2,10351.7,106.211335,BTC/USD
2019-09-16 01:00:00+00:00,10351.7,10374.7,10347.2,10374.5,84.39687047,BTC/USD
2019-09-16 02:00:00+00:00,10374.5,10374.5,10347.7,10359.7,39.20131845,BTC/USD
2019-09-16 03:00:00+00:00,10359.7,10365.7,10315,10317,90.10194825,BTC/USD
2019-09-16 04:00:00+00:00,10317,10333.4,10315,10324.3,32.28383236,BTC/USD
2019-09-16 05:00:00+00:00,10324.3,10334.5,10320.8,10321.4,12.78956934,BTC/USD
2019-09-16 06:00:00+00:00,10321,10322.5,10290.1,10307.3,74.6118074,BTC/USD
2019-09-16 07:00:00+00:00,10307.3,10309.6,10290,10309.5,46.64201871,BTC/USD
2019-09-16 08:00:00+00:00,10309.5,10320,10300.5,10300.7,36.57480949,BTC/USD
2019-09-16 09:00:00+00:00,10300.7,10316,10293.8,10312.1,76.27549419,BTC/USD
2019-09-16 10:00:00+00:00,10312.1,10313.2,10293.4,10312.9,34.90994137,BTC/USD
2019-09-16 11:00:00+00:00,10312.9,10315.4,10285.1,10285.1,55.55217565,BTC/USD
2019-09-16 12:00:00+00:00,10285.1,10285.1,10069,10152,650.5166932,BTC/USD
2019-09-16 13:00:00+00:00,10152,10177.8,10114.1,10142.4,113.1242619,BTC/USD
2019-09-16 14:00:00+00:00,10142.4,10158.1,10000,10130,445.0587077,BTC/USD
2019-09-16 15:00:00+00:00,10130,10154.9,10111,10116.3,142.586097,BTC/USD
2019-09-16 16:00:00+00:00,10116.3,10160,10080,10145,163.6566651,BTC/USD
2019-09-16 17:00:00+00:00,10145.6,10158.2,10136.4,10143.7,65.58056634,BTC/USD
2019-09-16 18:00:00+00:00,10143.7,10154,10116,10130.7,79.5729262,BTC/USD
2019-09-16 19:00:00+00:00,10130.6,10139.2,10119.1,10129,43.19832251,BTC/USD
2019-09-16 20:00:00+00:00,10129,10221,10124.7,10221,292.7744278,BTC/USD
2019-09-16 21:00:00+00:00,10221,10347.1,10214.7,10306.6,357.6882733,BTC/USD
2019-09-16 22:00:00+00:00,10306.6,10325,10290.4,10302.3,71.76347034,BTC/USD
2019-09-16 23:00:00+00:00,10302.3,10302.3,10238.5,10260.6,175.570976,BTC/USD
2019-09-17 00:00:00+00:00,10260.6,10261.6,10190.1,10220.8,151.8892324,BTC/USD
2019-09-17 01:00:00+00:00,10220.8,10256.4,10210.9,10231.9,80.37055057,BTC/USD
2019-09-17 02:00:00+00:00,10231.3,10241.9,10224.3,10237,12.67271136,BTC/USD
2019-09-17 03:00:00+00:00,10237,10243,10220.3,10235.7,47.43118448,BTC/USD
2019-09-17 04:00:00+00:00,10235.7,10255.6,10218.7,10218.7,52.51857524,BTC/USD
2019-09-17 05:00:00+00:00,10218.7,10224.5,10166.3,10205.9,110.8225925,BTC/USD
2019-09-17 06:00:00+00:00,10205.9,10214.7,10190.1,10200.7,33.79363916,BTC/USD
2019-09-17 07:00:00+00:00,10200.7,10225.1,10200.7,10215.9,49.7764752,BTC/USD
2019-09-17 08:00:00+00:00,10215.9,10219.4,10166.4,10168.7,48.93158429,BTC/USD
2019-09-17 09:00:00+00:00,10168.7,10172.1,10134.7,10158.9,78.8074674,BTC/USD
2019-09-17 10:00:00+00:00,10158.9,10182.9,10155.2,10170,67.12020898,BTC/USD
2019-09-17 11:00:00+00:00,10170,10170.5,10162.8,10165.2,69.19162578,BTC/USD
2019-09-17 12:00:00+00:00,10165.2,10230,10154.5,10219.2,118.2494957,BTC/USD
2019-09-17 13:00:00+00:00,10219.2,10247.3,10172.5,10185.2,158.9689316,BTC/USD
2019-09-17 14:00:00+00:00,10187.6,10222.1,10177,10220.8,132.9552423,BTC/USD
2019-09-17 15:00:00+00:00,10220.8,10225,10204,10209.7,113.7830154,BTC/USD
2019-09-17 16:00:00+00:00,10209.1,10263.3,10208.7,10262.4,257.8078532,BTC/USD
2019-09-17 17:00:00+00:00,10262.4,10272,10237,10249.5,140.798103,BTC/USD
2019-09-17 18:00:00+00:00,10249.5,10256.7,10217.2,10237.8,149.2809036,BTC/USD
2019-09-17 19:00:00+00:00,10237.8,10262.8,10219.8,10256.7,80.29218864,BTC/USD
2019-09-17 20:00:00+00:00,10256.7,10276.3,10215.9,10248,483.908034,BTC/USD
2019-09-17 21:00:00+00:00,10253.1,10266.3,10185.9,10210.5,178.2752527,BTC/USD
2019-09-17 22:00:00+00:00,10210.5,10238.1,10210.5,10228.3,83.73377749,BTC/USD
2019-09-17 23:00:00+00:00,10228.3,10241.6,10175,10190,111.2876606,BTC/USD
2019-09-18 00:00:00+00:00,10190,10210,10179.3,10210,94.70921837,BTC/USD
2019-09-18 01:00:00+00:00,10209.9,10259.3,10209.9,10252.1,109.209101,BTC/USD
2019-09-18 02:00:00+00:00,10252.1,10259.9,10228.5,10231.9,112.0666942,BTC/USD
2019-09-18 03:00:00+00:00,10231.9,10231.9,10205.8,10210.2,43.50044149,BTC/USD
2019-09-18 04:00:00+00:00,10210.2,10229,10210,10222.3,46.5347358,BTC/USD
2019-09-18 05:00:00+00:00,10222.3,10232.2,10212.7,10212.7,20.97078818,BTC/USD
2019-09-18 06:00:00+00:00,10212.7,10219.7,10205,10207.3,51.29933843,BTC/USD
2019-09-18 07:00:00+00:00,10207.3,10220.3,10200,10208.8,52.20869666,BTC/USD
2019-09-18 08:00:00+00:00,10208.8,10208.8,10041.8,10172.7,400.5693557,BTC/USD
2019-09-18 09:00:00+00:00,10172.6,10193.7,10160,10176,81.54650875,BTC/USD
2019-09-18 10:00:00+00:00,10176,10195,10175.9,10180,30.50036397,BTC/USD
2019-09-18 11:00:00+00:00,10180,10182.3,10148.8,10163.8,69.48962569,BTC/USD
2019-09-18 12:00:00+00:00,10163.8,10224.1,10088,10198.6,297.2483602,BTC/USD
2019-09-18 13:00:00+00:00,10198.6,10214,10180.9,10190,161.5855301,BTC/USD
2019-09-18 14:00:00+00:00,10190,10198.8,10175.1,10182,115.8461011,BTC/USD
2019-09-18 15:00:00+00:00,10182,10185,10155.6,10174.3,209.6701377,BTC/USD
2019-09-18 16:00:00+00:00,10174.3,10203.8,10150.1,10195,208.1804639,BTC/USD
2019-09-18 17:00:00+00:00,10195,10196.5,10184.5,10188.9,93.28830955,BTC/USD
2019-09-18 18:00:00+00:00,10188.9,10205.8,10170,10177.7,124.0476182,BTC/USD
2019-09-18 19:00:00+00:00,10177.7,10200,10175,10175.2,118.3998125,BTC/USD
2019-09-18 20:00:00+00:00,10175.2,10207.3,10125,10195.1,198.4228946,BTC/USD
2019-09-18 21:00:00+00:00,10195.1,10211,10185,10197,94.04934084,BTC/USD
2019-09-18 22:00:00+00:00,10197,10211.5,10160,10167.1,104.3904609,BTC/USD
2019-09-18 23:00:00+00:00,10167.1,10176.9,10151.5,10157.6,64.69719012,BTC/USD
2019-09-19 00:00:00+00:00,10157.6,10180,10140.7,10178.7,112.9990153,BTC/USD
2019-09-19 01:00:00+00:00,10178.7,10178.7,10109.1,10124.1,108.3575742,BTC/USD
2019-09-19 02:00:00+00:00,10124.1,10144.6,10083.7,10094.9,230.2835822,BTC/USD
2019-09-19 03:00:00+00:00,10094.9,10095,9633.8,9804.1,1354.719438,BTC/USD
2019-09-19 04:00:00+00:00,9807.8,9818.4,9778.5,9812.8,236.7884739,BTC/USD
2019-09-19 05:00:00+00:00,9812.8,9908.3,9797.6,9887.1,401.3156164,BTC/USD
2019-09-19 06:00:00+00:00,9887.1,9900,9860,9871.7,121.9566908,BTC/USD
2019-09-19 07:00:00+00:00,9871.7,9885.5,9860,9876.5,63.63290992,BTC/USD
2019-09-19 08:00:00+00:00,9876.5,9888.1,9859.2,9876,86.16630818,BTC/USD
2019-09-19 09:00:00+00:00,9876,9889,9867.9,9874.8,55.19480015,BTC/USD
2019-09-19 10:00:00+00:00,9874.8,9878.5,9812,9852.1,164.7819828,BTC/USD
2019-09-19 11:00:00+00:00,9852.1,9859.2,9815.4,9855,120.295176,BTC/USD
2019-09-19 12:00:00+00:00,9854.4,9894.4,9812.7,9873.9,222.4813877,BTC/USD
2019-09-19 13:00:00+00:00,9873.9,9884.7,9854.6,9866,188.4878066,BTC/USD
2019-09-19 14:00:00+00:00,9866,9868,9854,9860.2,50.3503897,BTC/USD
2019-09-19 15:00:00+00:00,9860.3,9887.5,9860,9885,91.36517778,BTC/USD
2019-09-19 16:00:00+00:00,9885,10112.9,9879.6,10050,689.8460731,BTC/USD
2019-09-19 17:00:00+00:00,10050,10110,10032.4,10044.1,305.5820705,BTC/USD
2019-09-19 18:00:00+00:00,10044.1,10075.3,10029,10044.9,129.5385841,BTC/USD
2019-09-19 19:00:00+00:00,10049,10124.4,10036.8,10114.8,146.5266561,BTC/USD
2019-09-19 20:00:00+00:00,10114.8,10375,10114.4,10258.8,838.4597553,BTC/USD
2019-09-19 21:00:00+00:00,10259,10315,10259,10267.1,223.5301219,BTC/USD
2019-09-19 22:00:00+00:00,10267.1,10270.6,10230.8,10240.6,121.1455363,BTC/USD
2019-09-19 23:00:00+00:00,10240.6,10290,10239.1,10274.4,75.12805534,BTC/USD
2019-09-20 00:00:00+00:00,10274.4,10310,10241.1,10241.8,207.4886317,BTC/USD
2019-09-20 01:00:00+00:00,10241.8,10265,10208,10220.7,116.8604494,BTC/USD
2019-09-20 02:00:00+00:00,10220.7,10236.6,10181,10198.2,113.9751249,BTC/USD
2019-09-20 03:00:00+00:00,10198.2,10250,10197.9,10229.1,75.89697829,BTC/USD
2019-09-20 04:00:00+00:00,10228.3,10231.8,10207.9,10219.9,43.63955307,BTC/USD
2019-09-20 05:00:00+00:00,10219.9,10219.9,10164.4,10164.4,89.99055824,BTC/USD
2019-09-20 06:00:00+00:00,10164.4,10200,10155,10172.1,50.98118585,BTC/USD
2019-09-20 07:00:00+00:00,10172.1,10185.9,10155,10155,43.06506753,BTC/USD
2019-09-20 08:00:00+00:00,10155,10198,10130,10145.4,159.3881936,BTC/USD
2019-09-20 09:00:00+00:00,10145.4,10146,10126.5,10138.2,148.6893432,BTC/USD
2019-09-20 10:00:00+00:00,10138.2,10177,10137.9,10156.6,228.9513238,BTC/USD
2019-09-20 11:00:00+00:00,10156.6,10164.9,10141.1,10164.9,175.4533618,BTC/USD
2019-09-20 12:00:00+00:00,10164.1,10249.9,10163,10216.2,196.6881543,BTC/USD
2019-09-20 13:00:00+00:00,10216.2,10216.3,10160,10175.3,139.0052048,BTC/USD
2019-09-20 14:00:00+00:00,10175.3,10183.1,10160,10179.7,144.0875755,BTC/USD
2019-09-20 15:00:00+00:00,10179.7,10179.7,10130.5,10173.2,79.75938502,BTC/USD
2019-09-20 16:00:00+00:00,10173.2,10173.3,10085.7,10085.8,240.1841662,BTC/USD
2019-09-20 17:00:00+00:00,10088,10154.9,10069,10118,192.3840776,BTC/USD
2019-09-20 18:00:00+00:00,10118,10159.1,10117.9,10155.2,69.21667242,BTC/USD
2019-09-20 19:00:00+00:00,10155.2,10174,10148.2,10155.5,75.27582203,BTC/USD
2019-09-20 20:00:00+00:00,10155.5,10160.5,10129.2,10136.6,74.30757619,BTC/USD
2019-09-20 21:00:00+00:00,10136.5,10141.5,10079,10127.6,130.0029656,BTC/USD
2019-09-20 22:00:00+00:00,10127.6,10149.4,10125.2,10139.8,54.7078965,BTC/USD
2019-09-20 23:00:00+00:00,10138.1,10181.1,10138.1,10173.3,85.0693385,BTC/USD
2019-09-21 00:00:00+00:00,10173.8,10175.1,10148.3,10160.9,40.64345176,BTC/USD
2019-09-21 01:00:00+00:00,10160.9,10172.6,10155.7,10155.8,85.12809823,BTC/USD
2019-09-21 02:00:00+00:00,10155.8,10164.6,10118.9,10120,61.49476177,BTC/USD
2019-09-21 03:00:00+00:00,10120,10134.6,10120,10131,25.47386571,BTC/USD
2019-09-21 04:00:00+00:00,10131,10134.7,10090,10096.1,69.36585899,BTC/USD
2019-09-21 05:00:00+00:00,10096.1,10112.4,10091,10094.9,35.70488996,BTC/USD
2019-09-21 06:00:00+00:00,10094.9,10103.4,9965,10057.8,359.4290065,BTC/USD
2019-09-21 07:00:00+00:00,10057.8,10088.7,10057.8,10077.5,24.50629385,BTC/USD
2019-09-21 08:00:00+00:00,10077.5,10077.5,9992,10030.2,100.9642422,BTC/USD
2019-09-21 09:00:00+00:00,10030.2,10050,9990,9990.1,65.49391636,BTC/USD
2019-09-21 10:00:00+00:00,9990.1,10034.5,9978.1,9989.9,63.56509697,BTC/USD
2019-09-21 11:00:00+00:00,9989.5,10060,9984.4,10044.7,71.18679819,BTC/USD
2019-09-21 12:00:00+00:00,10044.7,10049.2,9903.7,9974.9,173.3701738,BTC/USD
2019-09-21 13:00:00+00:00,9974.9,10010,9952.2,10009.6,121.7102353,BTC/USD
2019-09-21 14:00:00+00:00,10009.6,10010,9981.9,9999.4,40.82245898,BTC/USD
2019-09-21 15:00:00+00:00,9999.4,10052.1,9997.1,10034.5,102.5410648,BTC/USD
2019-09-21 16:00:00+00:00,10034.5,10068.2,9980,9993.3,125.8404558,BTC/USD
2019-09-21 17:00:00+00:00,9993.3,10001.6,9954.9,9969.4,116.952901,BTC/USD
2019-09-21 18:00:00+00:00,9969.4,9997.5,9962.3,9994.7,23.90219991,BTC/USD
2019-09-21 19:00:00+00:00,9994.7,10010,9978,10007.6,42.923394,BTC/USD
2019-09-21 20:00:00+00:00,10007.6,10019.7,9960,9960.2,41.99598243,BTC/USD
2019-09-21 21:00:00+00:00,9960.2,9994.9,9959,9981.8,130.3997564,BTC/USD
2019-09-21 22:00:00+00:00,9981.8,10000,9950,9979.6,140.6546288,BTC/USD
2019-09-21 23:00:00+00:00,9979.6,10000,9974.3,9978.4,26.48387221,BTC/USD
2019-09-22 00:00:00+00:00,9978.4,9989.9,9931.8,9948.5,51.772042,BTC/USD
2019-09-22 01:00:00+00:00,9948.8,9952.8,9853.9,9902.8,362.9032288,BTC/USD
2019-09-22 02:00:00+00:00,9902.8,9930.1,9887.8,9920.3,109.7689776,BTC/USD
2019-09-22 03:00:00+00:00,9920.3,9920.3,9859.6,9868.4,81.30117262,BTC/USD
2019-09-22 04:00:00+00:00,9868.4,9900,9850,9890.6,152.7978893,BTC/USD
2019-09-22 05:00:00+00:00,9890.6,9969.9,9877.6,9925,86.77502813,BTC/USD
2019-09-22 06:00:00+00:00,9925,9946.6,9912.5,9931.4,29.71716565,BTC/USD
2019-09-22 07:00:00+00:00,9931.4,10030,9925.6,10025,111.20903,BTC/USD
2019-09-22 08:00:00+00:00,10025,10070,10009.9,10010,103.2565956,BTC/USD
2019-09-22 09:00:00+00:00,10010,10010,9984.3,10006.4,46.11202112,BTC/USD
2019-09-22 10:00:00+00:00,10006.4,10022.9,9989.9,10003.5,31.44263806,BTC/USD
2019-09-22 11:00:00+00:00,10003.5,10027.3,9996,10005,25.47204566,BTC/USD
2019-09-22 12:00:00+00:00,10005,10045.9,10005,10035.2,79.27591175,BTC/USD
2019-09-22 13:00:00+00:00,10035.2,10060,9931,9975.8,206.2855462,BTC/USD
2019-09-22 14:00:00+00:00,9975.8,9991,9940,9988.9,64.78424932,BTC/USD
2019-09-22 15:00:00+00:00,9988.9,9994.1,9956.4,9989.4,25.41750823,BTC/USD
2019-09-22 16:00:00+00:00,9989.4,10020,9972.3,10003.8,101.5136972,BTC/USD
2019-09-22 17:00:00+00:00,10003.8,10020,9990,9993.6,26.77322573,BTC/USD
2019-09-22 18:00:00+00:00,9993.6,9993.6,9957.8,9970.9,79.36144238,BTC/USD
2019-09-22 19:00:00+00:00,9970.9,9987.4,9970,9980.8,30.16000163,BTC/USD
2019-09-22 20:00:00+00:00,9980.8,10010,9977.6,10003.3,77.82845919,BTC/USD
2019-09-22 21:00:00+00:00,10003.3,10058.7,9991.9,10049,75.08487973,BTC/USD
2019-09-22 22:00:00+00:00,10050.3,10079.6,10017.5,10040.3,55.39857308,BTC/USD
2019-09-22 23:00:00+00:00,10040.3,10080,10024.5,10029.1,76.8840404,BTC/USD
2019-09-23 00:00:00+00:00,10029.2,10045.4,9950.1,9995.6,318.8179061,BTC/USD
2019-09-23 01:00:00+00:00,9995.6,10009.1,9960.2,9985,45.96330177,BTC/USD
2019-09-23 02:00:00+00:00,9985,9988.3,9961.1,9961.1,39.39105294,BTC/USD
2019-09-23 03:00:00+00:00,9961.1,9967.7,9930.3,9967.7,94.01965838,BTC/USD
2019-09-23 04:00:00+00:00,9967.7,9979.1,9961.5,9975.9,23.72949069,BTC/USD
2019-09-23 05:00:00+00:00,9975.9,9975.9,9930,9947,35.60959416,BTC/USD
2019-09-23 06:00:00+00:00,9947,9947,9850,9915,201.6168893,BTC/USD
2019-09-23 07:00:00+00:00,9915,9944.5,9881,9886.4,123.4103383,BTC/USD
2019-09-23 08:00:00+00:00,9886.4,9936.8,9886.4,9927.9,65.30518465,BTC/USD
2019-09-23 09:00:00+00:00,9927.9,9961.5,9925.4,9947.1,50.36022942,BTC/USD
2019-09-23 10:00:00+00:00,9947.1,9947.1,9908.1,9914.9,37.97898443,BTC/USD
2019-09-23 11:00:00+00:00,9914.9,9936,9905.8,9910.2,45.77842953,BTC/USD
2019-09-23 12:00:00+00:00,9910.2,9920.2,9874.5,9915.5,92.12037953,BTC/USD
2019-09-23 13:00:00+00:00,9915.5,9924.3,9882.6,9896.9,57.91504832,BTC/USD
2019-09-23 14:00:00+00:00,9896.9,9946.7,9668.3,9902.4,845.6387128,BTC/USD
2019-09-23 15:00:00+00:00,9902.4,9935.6,9850,9862.2,161.7180604,BTC/USD
2019-09-23 16:00:00+00:00,9862.2,9875.3,9755,9792.8,223.6667029,BTC/USD
2019-09-23 17:00:00+00:00,9796.4,9825.1,9773.3,9777.4,110.1409289,BTC/USD
2019-09-23 18:00:00+00:00,9775.7,9835,9767.6,9818.4,180.7721281,BTC/USD
2019-09-23 19:00:00+00:00,9818.4,9835.1,9790.6,9796.6,144.2241682,BTC/USD
2019-09-23 20:00:00+00:00,9801.3,9816,9753.4,9763.5,114.591552,BTC/USD
2019-09-23 21:00:00+00:00,9763.5,9825,9616.8,9740.7,487.6689465,BTC/USD
2019-09-23 22:00:00+00:00,9740.7,9740.7,9615,9714.9,281.452782,BTC/USD
2019-09-23 23:00:00+00:00,9714.9,9725,9669,9686.9,137.5595594,BTC/USD
2019-09-24 00:00:00+00:00,9686.9,9753.8,9601,9740,164.6698656,BTC/USD
2019-09-24 01:00:00+00:00,9740,9775.6,9720,9720,111.2586938,BTC/USD
2019-09-24 02:00:00+00:00,9720,9748.3,9678.6,9713.6,70.85091957,BTC/USD
2019-09-24 03:00:00+00:00,9713.6,9726.2,9675,9709.3,50.31849599,BTC/USD
2019-09-24 04:00:00+00:00,9710.9,9745.1,9676.3,9721.6,100.8568888,BTC/USD
2019-09-24 05:00:00+00:00,9721.6,9761.9,9717.1,9756.4,82.21592211,BTC/USD
2019-09-24 06:00:00+00:00,9756.4,9776,9739,9739,58.05293013,BTC/USD
2019-09-24 07:00:00+00:00,9739,9760.2,9718.1,9746.1,50.01142245,BTC/USD
2019-09-24 08:00:00+00:00,9746.1,9752.7,9689.7,9716.6,103.7736569,BTC/USD
2019-09-24 09:00:00+00:00,9716.6,9734.1,9676.6,9730.1,41.09184256,BTC/USD
2019-09-24 10:00:00+00:00,9730.1,9732.1,9698,9723.5,106.0533012,BTC/USD
2019-09-24 11:00:00+00:00,9723.5,9758.4,9692,9712.8,84.49834664,BTC/USD
2019-09-24 12:00:00+00:00,9712.8,9715.1,9650,9672,208.761694,BTC/USD
2019-09-24 13:00:00+00:00,9672,9672.1,9569.2,9616.8,478.651022,BTC/USD
2019-09-24 14:00:00+00:00,9616.8,9616.8,9500,9508.6,513.0547738,BTC/USD
2019-09-24 15:00:00+00:00,9508.6,9579.2,9381,9500,796.663382,BTC/USD
2019-09-24 16:00:00+00:00,9500,9568,9446,9474.5,223.0143271,BTC/USD
2019-09-24 17:00:00+00:00,9474.5,9500,9426.3,9469.4,227.027225,BTC/USD
2019-09-24 18:00:00+00:00,9469.4,9470.5,8627,8629,2078.084637,BTC/USD
2019-09-24 19:00:00+00:00,8628.9,8828.5,8046,8416.7,4539.392941,BTC/USD
2019-09-24 20:00:00+00:00,8416.7,8670,8151.5,8592.3,2152.708786,BTC/USD
2019-09-24 21:00:00+00:00,8592.3,8763.3,8510.1,8650.9,673.7098662,BTC/USD
2019-09-24 22:00:00+00:00,8650.9,8770,8636.2,8690.9,518.8863371,BTC/USD
2019-09-24 23:00:00+00:00,8690.9,8800,8459.8,8535.1,674.2041924,BTC/USD
2019-09-25 00:00:00+00:00,8535.1,8739,8525,8701.7,371.8356612,BTC/USD
2019-09-25 01:00:00+00:00,8701.7,8743.6,8660.5,8708.6,276.8754908,BTC/USD
2019-09-25 02:00:00+00:00,8708.6,8722,8555,8597.1,337.2109676,BTC/USD
2019-09-25 03:00:00+00:00,8597.1,8638.8,8566.5,8588.9,110.0976213,BTC/USD
2019-09-25 04:00:00+00:00,8588.9,8605.9,8437.2,8520,407.2895526,BTC/USD
2019-09-25 05:00:00+00:00,8520,8534.7,8457.9,8505.5,177.0779677,BTC/USD
2019-09-25 06:00:00+00:00,8505.5,8546.4,8460.6,8467.3,129.6175089,BTC/USD
2019-09-25 07:00:00+00:00,8467.3,8482.2,8311,8339.1,451.7288131,BTC/USD
2019-09-25 08:00:00+00:00,8339.1,8392.8,8230,8261,470.2428568,BTC/USD
2019-09-25 09:00:00+00:00,8261,8414.6,8258.4,8401.3,289.9750158,BTC/USD
2019-09-25 10:00:00+00:00,8401.3,8462,8375.1,8418.9,214.1284646,BTC/USD
2019-09-25 11:00:00+00:00,8418.9,8439,8305.9,8338.7,225.5209574,BTC/USD
2019-09-25 12:00:00+00:00,8336.7,8363.9,8000,8305.7,1295.424881,BTC/USD
2019-09-25 13:00:00+00:00,8305.7,8442.5,8278,8388.2,459.1877717,BTC/USD
2019-09-25 14:00:00+00:00,8392,8478.4,8375,8379,466.0408262,BTC/USD
2019-09-25 15:00:00+00:00,8385.4,8430,8294.5,8294.5,259.4066694,BTC/USD
2019-09-25 16:00:00+00:00,8294.5,8373.6,8226.5,8323.8,467.8400592,BTC/USD